Synopsis,,,
"In a ""real unreality"" VR space, a miniature Art Nouveau villa appears before expanding to full scale. Past and present weave together as we step into the world of Frida Hansen – once an internationally acclaimed textile artist, now largely forgotten. Guided by her great-great-granddaughter Cecilie, we explore a lush garden where archival photographs, a gramophone and woven artworks become portals into Frida's life. As bankruptcy and profound personal grief descend, the vibrant garden withers into darkness. From this desolation emerge four enigmatic female figures, foreshadowing the work Semper Vadentes and the beginning of Frida’s artistic awakening. Across a century, Frida and Cecilie's lives intertwine. Through art, hardship is transformed into enduring beauty – a testament to how the role models we uncover continue to inspire and shape who we become..",,,
https://www.labiennale.org/en/cinema/2026/venice-immersive/finding-frida,,,
https://www.nfi.no/en/films-and-series/finding-frida,,,
"Historically Yours is an interactive podcast broadcasting from the Underworld. This work in progress gives visitors a direct line to Cleo, Toinette and Henri, three fictional hosts loosely inspired by Cleopatra, Queen Marie Antoinette and astronomer Henrietta Swan Leavitt.",,,
"In the installation, visitors listen through headphones and send the hosts a question, a grievance or whatever is keeping them awake. Artificial intelligence transforms each contribution into a new conversation, performed through three synthetic voices. A live transcript accompanies the discussion, while illuminated sculptural heads reveal who has the microphone.",,,
"The hosts are not digital reconstructions of historical people. They are deliberately unreliable approximations assembled from historical fragments, popular myths and cultural stereotypes. Their appearances, both on screen and as 3D printed sculptures, reflect the familiar visual clichés through which historical women are recognised. Their voices are equally speculative. We do not know what these women sounded like, yet synthetic speech gives each host the persuasive impression of an individual personality.",,,
"The work draws on the Dialogues of the Dead, a satirical tradition in which historical figures meet in the afterlife to gossip, argue and judge the living. Here, it becomes a feminist podcast in which women who have been celebrated, blamed, romanticised or overlooked discuss the present from the Underworld. ",,,
"Part podcast, part séance and part critique of synthetic authority, Historically Yours asks who gets to represent the past and why a convincing face and voice can be so easy to believe. ",,,
"Technology is reshaping our relationships and communication with the dead, using digital traces of the data they leave behind. Decades before these technologies emerged, I was already doing something similar.",,,
"From Ingrid to Bergen is an interactive documentary about grief, memory, theatre, and the technologies we use to maintain relationships with what is no longer there. Moving across nineteen years, the project brings together personal archives, photographs, paintings, videos, and texts from different phases of my experience of loss. An idea of a grandmother, a promise, ghosts, forests, neurodivergence, theatre, and Ingrid Bergman form a shifting map through memory and reconstruction, tracing not only the loss of a person, but also the loss of what I once imagined becoming.",,,
"YOUR UPDATE HAS FAILED is an interactive browser and WebXR experience tracing the digital evolution of SOGICE—sexual orientation and gender identity change efforts. These interventions seek to change or suppress LGBTQIA+ people’s sexual orientation, gender identity, or expression.",,,
"A computer anchors the narrative as three composite lives unfold across 1997, 2003, 2016, and 2026—each in a room shaped by its era. SOGICE’s forms evolve: printed questionnaires become software, then wellness platforms, moderation tools, and, eventually, AI-driven systems that classify and collect data. Blending documented practices with imagined scenes, the work reveals SOGICE not as a single event, but as a digital ecosystem spanning “ex-gay” testimonies, promotional videos, exercises, prayers, and data systems. Language shifts toward care and progress, but the underlying pressure to conform remains.",,,
"With each update, the system appears new; with each restart, it enters another era; and with every glitch, its limits are exposed. Visitors navigate the story through a headset, desktop, or phone—clicking, reading, and turning to explore the changing rooms. A dossier accompanies the work, linking sources with the narrative. Through its many transformations, SOGICE’s apparatus adapts and renews its promise of correction, but its failure endures: queer life persists.",,,
"The Grand Hotel Bald Cockatoo is an immersive embodied installation. Based on perhaps the most absurd of Robert Coover's Grand Hotel sketches, this hotel is a hotel of dreams, in which the hotel manager is a fortunetelling cockatoo. The audience will enter a large installation in the form of a bird's nest. Embedded in the walls of the nest are four large screens, where short fragments of dream narratives recombine. These dream narratives were written by the authors in an adapted exquisite corpse fashion inspired and prompted to AI text-to-video generation videos. Voice-over narration of selected narratives, tracked separately from the videos, narrate the stories. At the back of the nest, one finds a curtained booth which houses both a video of the fortune-teller and an interactive fortune-telling device. The guest can press a button to generate a fortune of their own, which will be printed to take home.",,,
,,,
,,,
,,,
The artist needs to provide a synopsis,,,
,,,
"An unlikely marriage of print and digital, Between Page and Screen chronicles a love affair between two characters, P and S. The book has no words, only inscrutable black and white geometric patterns that, when coupled with a webcam, conjure the written word. Reflected on screen, the reader sees him or herself with open book in hand, language springing alive and shape-shifting with each turn of the page. ",,,
"The story unfolds through a playful and cryptic exchange of letters between P and S as they struggle to define their relationship. Rich with innuendo, anagrams, etymological and sonic affinities between words, Between Page and Screen revels in language and the act of reading. ",,,
https://www.betweenpageandscreen.com/about,,,
,,,
,,,
"“Wherever she loves, all the old concepts of management are left behind”",,,
"--Helene Cixous, The Laugh of Medusa (in translation)",,,
"As machines increasingly generate our language, what remains irreducibly human—if not the body and its unspeakable excess? Latent Laughing Medusa is a live performance that explores what emerges when language is no longer supervised by a single voice, human or machine. Working at the intersection of generative AI, somatic writing, and collective participation, the piece asks how computational systems might be redirected away from totalization and toward multiplicity, breath, and embodied overflow.",,,
"The project takes inspiration from Hélène Cixous’ 1975 essay The Laugh of the Medusa, written the year of my birth. While Cixous’ call was addressed explicitly to women writing from historically silenced bodies, this work approaches her text from a queer, gender-expansive position: not as inheritance, but as listening across time. If Cixous urged women to “write the body,” this performance asks what body-writing might look like in the age of large language models.",,,
"A composed text, part meditation on memory, signification, gender, and the experience of undergoing a ketamine therapy trial, will serve as the performance’s initial spine. As the event unfolds, this text gradually unwrites and recomposes itself through the friction between vocal utterance, gesture, generative AI outputs, and live audience participation. Linear semantic language loosens into spatialized, sonic, and affective clusterings drawn from the shared field of performer, participants, and machine.",,,
"Participants will be invited into structured, often nonverbal interventions—breath, laughter, murmured phonemes—creating a distributed chorus. These inputs will be processed in real time, feeding an evolving computational system that recombines language without stabilizing it into a single authoritative meaning. Through green-screen wearables and body-mapped visual projection, emerging text and image will be literally inscribed into and across the performer’s body, rendering visible a hybrid “latent space” of somatic and synthetic processes.",,,
"Framed as a poetic ritual, the performance moves between destabilization and release. It inhabits the risks of unsupervised systems, where coherence fractures and authority dissolves, while exploring whether such destabilization can open into collective and erotic forms of expression. The event concludes by returning to its opening text, now altered by the shared encounter, suggesting that unsupervised clustering may generate new proximities without resolving into certainty.",,,
"At a moment marked by the consolidation of algorithmic language, the regulation of gendered bodies, and the contraction of institutions, Latent Laughing Medusa proposes a temporary, many-voiced zone of embodied inscription, where language does not conclude but vibrates.",,,
"Byybanen Slop Surfer is a playable descent into AI slop: a version of Bergen flattened, exaggerated and reassembled through the visual language of algorithmically generated culture.",,,
"The work takes a recognizable city and subjects it to the same processes increasingly applied to images, writing, music and online culture: simplification, repetition, imitation and endless recombination.",,,
Bergen becomes simultaneously familiar and synthetic — a cheerful approximation of itself.,,,
,,,
,,,
,,,
,,,
,,,
,,,
,,,
,,,
,,,
,,,
,,,
,,,
,,,
,,,
,,,
,,,
,,,
,,,
,,,
,,,
,,,
,,,
,,,
,,,
,,,
,,,
,,,
,,,
,,,
,,,
,,,
,,,
,,,
,,,
,,,
,,,
,,,
,,,
,,,
,,,
,,,
,,,
,,,
,,,
,,,
,,,
,,,
,,,
,,,
,,,
,,,
,,,
,,,
,,,
,,,
,,,
,,,
,,,
,,,
,,,
,,,
,,,
,,,
,,,
,,,
,,,
,,,
,,,
,,,
,,,
,,,
,,,
,,,
,,,
,,,
,,,
,,,
,,,
,,,
The artist needs to provide a synopsis,,,
,,,
"Emperor, an interactive and narrative experience which invites us to travel inside the brain of a father, suffering from aphasia. Alongside his daughter, we journey into the father’s mental space – imagined as a hand-drawn, monochrome landscape – as she seeks to learn more about his inner self, now obscured by illness.",,,
https://www.meta.com/en-gb/experiences/emperor/6554855927974102/?srsltid=AfmBOor83JZ3gLj0INuOkXlqKkbNfZL3hPIowLL44QrN71FoResusc9Q,,,
https://atlasv.io/project/emperor-hero-video/,,,
"The VR experience The Grand Hotel Galactic Center is perhaps the grandest of the grand hotels–at a glance–but after several days in the bubble you realize why the rooms come so cheap. The clouds are on an infinite loop. The stars are all flickering. Glitzy exteriors concealing broken-down infrastructure Like a boarding house that is maintained without care. The exotic floor show almost makes up for it. But you sense that it is the same every night, and the performers are just going through the motions. You wish you could see something beyond the banality, but it just isn’t there. You might have loved this when you were a child, but every ounce of your childhood is gone, sapped from you. This is the kind of palliative care you get with the basic insurance. It is a place of wonder and despair. Galactic Center explores text-to-VR environment and gaussian splat as components of a Unity development process. Trigger warning: includes a depiction of suicide.",,,
,,,
,,,
,,,
,,,
"The first of the Revisitations: The Grand Hotels of Joseph Cornell series, Sand Fountain is a collaborative AR project by media artists Roderick Coover, Caitlin Fisher and Scott Rettberg that extends one of the imaginary universes of Joseph Cornell's collage series, The Grand Hotels, and the late Robert Coover’s book The Grand Hotels of Joseph Cornell. It takes a kaleidoscopic approach to time, image, language and story through the creation of evocative and entangled narratives interweaving past texts and imagined actions. Three poetic narratives are individually written and collaboratively crafted. The images consist of both deeply personal ephemera and ai-generated images and the narration plays between the human voice and generated speech. The Grand Hotel Sand Fountain is a place of memory and loss. Haunted objects come to life through collaborative methods of exchanging fragments, building fleeting stories, then turning to AI platforms and AR to occupy new narrative environments. ",,,
,,,
,,,
,,,
,,,
"“Her Name Was Gisberta” is a VR/2D documentary that portrays the life and death of Gisberta Salce, a Brazilian Trans woman murdered by 14 young men (12 - 16 years old) in the city of Porto (Portugal) in 2006. Uniting the knowledge provided by Virtual Reality Perspective-Taking Tasks, this project was created as a tool of education, social intervention and activism against transphobia.",,,
,,,
www.corpo-paisagem.art/portfolio/gisberta/,,,
,,,
,,,
"How could it have happened, in a public space and in the company of people who call themselves friends? This is the question that always arises in response to yet another news story about date rape. But rape cases like this often involve more people than just the perpetrator and the victim. Missing 10 Hours makes you realize how much the decision and actions of bystanders can drastically influence the course of an evening.",,,
"In this interactive VR piece, the viewer is led on a night out by Greg, a big-headed guy with bad intentions. He spikes 22-year-old Mara’s drink with the drug GHB, and she gradually loses control of her actions. A walk through the night ends in a backstreet, where Greg maneuvers Mara into a dark corner. The choices the viewer makes during the evening—go along with Greg, watch passively or intervene—determine the outcome: a safe ending, or arrest and questioning at the police station.",,,
https://www.meta.com/en-gb/experiences/missing-10-hours/5804619136331293/?srsltid=AfmBOoqV6jinL0ru9yXaxieMz8AeoIN4R2rgO7BvSFWSvxHoNza-Yyma,,,
,,,
Credits: https://www.missing10hours.com/#distribution,,,
"Through mind-bending animation, GOLIATH: PLAYING WITH REALITY explores the limits of reality and a true story of so-called ‘schizophrenia’ and the power of gaming communities. Echo (Tilda Swinton) guides you through the many realities of Goliath, a man who spent years isolated in psychiatric institutions but finds connection in multiplayer games. Combining heartfelt dialogue, mesmerising visuals and symbolic interactions, weave through multiple worlds to uncover Goliath’s poignant story.",,,
https://www.meta.com/en-gb/experiences/goliath-playing-with-reality/3432432656819712/?srsltid=AfmBOorZZtanWawUmGq9_pN04gF0y3enFJgpN4yKU6PtB9qBVHOiPzao#description,,,
https://goliathvr.io/,,,
"Fiery Sparks of Light is an AR experience that reimagines a collection of poems by four renowned Canadian women poets - Margaret Atwood, Nicole Brossard, Canisia Lubrin and Sarah Tolmie. It was launched as part of an exclusive hybrid (onsite/digital) programme in Germany that celebrates Canada as the Frankfurt Book Fair Guest of Honor 2021.",,,
"Using volumetric cinema technology as the foundation, Fiery Sparks of Light includes an accompanying printed book that contains QR codes that bring Atwood, Brossard, Lubrin and Tolmie to life as holograms on a mobile device. This enabled Book Fair guests to experience these four poets reading their own original poems, which explore feminist perspectives of patriarchy, gendered objectification, stereotyping and oppression, while further augmented audiovisual after-effects enhance the viewer’s experience. This sensory exploration is designed to elicit an emotional response as users set the stage for these fiery written words to spark to life.",,,